1	2069	1	2069	2069	2069	99.08	4539749	4536414	0.05	0.05	Limnothrix_sp_BL_A_16_CP166615	Limnothrix_sp_HT2024_chromosome
2127	16748	2311	16937	14622	14627	98.85	4539749	4536414	0.32	0.32	Limnothrix_sp_BL_A_16_CP166615	Limnothrix_sp_HT2024_chromosome
17362	48828	16938	48317	31467	31380	98.24	4539749	4536414	0.69	0.69	Limnothrix_sp_BL_A_16_CP166615	Limnothrix_sp_HT2024_chromosome
48831	75820	48453	75452	26990	27000	97.99	4539749	4536414	0.59	0.60	Limnothrix_sp_BL_A_16_CP166615	Limnothrix_sp_HT2024_chromosome
75820	89468	75608	89269	13649	13662	97.98	4539749	4536414	0.30	0.30	Limnothrix_sp_BL_A_16_CP166615	Limnothrix_sp_HT2024_chromosome
90321	94116	89492	93314	3796	3823	98.48	4539749	4536414	0.08	0.08	Limnothrix_sp_BL_A_16_CP166615	Limnothrix_sp_HT2024_chromosome
94123	98562	93465	97904	4440	4440	97.70	4539749	4536414	0.10	0.10	Limnothrix_sp_BL_A_16_CP166615	Limnothrix_sp_HT2024_chromosome
101957	113322	101559	112924	11366	11366	98.74	4539749	4536414	0.25	0.25	Limnothrix_sp_BL_A_16_CP166615	Limnothrix_sp_HT2024_chromosome
116703	135663	113139	132095	18961	18957	97.98	4539749	4536414	0.42	0.42	Limnothrix_sp_BL_A_16_CP166615	Limnothrix_sp_HT2024_chromosome
136322	148500	132103	144282	12179	12180	98.99	4539749	4536414	0.27	0.27	Limnothrix_sp_BL_A_16_CP166615	Limnothrix_sp_HT2024_chromosome
148678	206765	144333	202452	58088	58120	98.77	4539749	4536414	1.28	1.28	Limnothrix_sp_BL_A_16_CP166615	Limnothrix_sp_HT2024_chromosome
206767	211600	202598	207431	4834	4834	98.90	4539749	4536414	0.11	0.11	Limnothrix_sp_BL_A_16_CP166615	Limnothrix_sp_HT2024_chromosome
211513	220625	207434	216559	9113	9126	98.73	4539749	4536414	0.20	0.20	Limnothrix_sp_BL_A_16_CP166615	Limnothrix_sp_HT2024_chromosome
220799	234850	216557	230688	14052	14132	98.31	4539749	4536414	0.31	0.31	Limnothrix_sp_BL_A_16_CP166615	Limnothrix_sp_HT2024_chromosome
235024	244101	230686	239748	9078	9063	97.64	4539749	4536414	0.20	0.20	Limnothrix_sp_BL_A_16_CP166615	Limnothrix_sp_HT2024_chromosome
247713	249360	242229	243867	1648	1639	88.16	4539749	4536414	0.04	0.04	Limnothrix_sp_BL_A_16_CP166615	Limnothrix_sp_HT2024_chromosome
250331	259336	245239	254259	9006	9021	98.85	4539749	4536414	0.20	0.20	Limnothrix_sp_BL_A_16_CP166615	Limnothrix_sp_HT2024_chromosome
268695	287609	254344	273253	18915	18910	98.96	4539749	4536414	0.42	0.42	Limnothrix_sp_BL_A_16_CP166615	Limnothrix_sp_HT2024_chromosome
287775	294224	273256	279676	6450	6421	98.28	4539749	4536414	0.14	0.14	Limnothrix_sp_BL_A_16_CP166615	Limnothrix_sp_HT2024_chromosome
298188	315777	280929	298579	17590	17651	98.45	4539749	4536414	0.39	0.39	Limnothrix_sp_BL_A_16_CP166615	Limnothrix_sp_HT2024_chromosome
315804	334544	298729	317439	18741	18711	98.58	4539749	4536414	0.41	0.41	Limnothrix_sp_BL_A_16_CP166615	Limnothrix_sp_HT2024_chromosome
334722	361901	317397	344436	27180	27040	97.57	4539749	4536414	0.60	0.60	Limnothrix_sp_BL_A_16_CP166615	Limnothrix_sp_HT2024_chromosome
363484	375589	350340	362436	12106	12097	98.21	4539749	4536414	0.27	0.27	Limnothrix_sp_BL_A_16_CP166615	Limnothrix_sp_HT2024_chromosome
380118	386068	364803	370738	5951	5936	97.70	4539749	4536414	0.13	0.13	Limnothrix_sp_BL_A_16_CP166615	Limnothrix_sp_HT2024_chromosome
391141	393503	370898	373260	2363	2363	99.03	4539749	4536414	0.05	0.05	Limnothrix_sp_BL_A_16_CP166615	Limnothrix_sp_HT2024_chromosome
394408	398322	373258	377172	3915	3915	98.72	4539749	4536414	0.09	0.09	Limnothrix_sp_BL_A_16_CP166615	Limnothrix_sp_HT2024_chromosome
398469	407850	377172	386570	9382	9399	98.37	4539749	4536414	0.21	0.21	Limnothrix_sp_BL_A_16_CP166615	Limnothrix_sp_HT2024_chromosome
411637	414371	390408	393142	2735	2735	97.00	4539749	4536414	0.06	0.06	Limnothrix_sp_BL_A_16_CP166615	Limnothrix_sp_HT2024_chromosome
416569	424992	395425	403848	8424	8424	98.66	4539749	4536414	0.19	0.19	Limnothrix_sp_BL_A_16_CP166615	Limnothrix_sp_HT2024_chromosome
424995	431929	403977	410921	6935	6945	97.89	4539749	4536414	0.15	0.15	Limnothrix_sp_BL_A_16_CP166615	Limnothrix_sp_HT2024_chromosome
431931	447065	411089	426211	15135	15123	98.84	4539749	4536414	0.33	0.33	Limnothrix_sp_BL_A_16_CP166615	Limnothrix_sp_HT2024_chromosome
446987	458566	426171	437766	11580	11596	98.71	4539749	4536414	0.26	0.26	Limnothrix_sp_BL_A_16_CP166615	Limnothrix_sp_HT2024_chromosome
458712	467747	437928	446968	9036	9041	98.59	4539749	4536414	0.20	0.20	Limnothrix_sp_BL_A_16_CP166615	Limnothrix_sp_HT2024_chromosome
467952	471347	447155	450550	3396	3396	96.26	4539749	4536414	0.07	0.07	Limnothrix_sp_BL_A_16_CP166615	Limnothrix_sp_HT2024_chromosome
476969	480102	453977	457110	3134	3134	95.25	4539749	4536414	0.07	0.07	Limnothrix_sp_BL_A_16_CP166615	Limnothrix_sp_HT2024_chromosome
482259	485488	467326	470579	3230	3254	98.06	4539749	4536414	0.07	0.07	Limnothrix_sp_BL_A_16_CP166615	Limnothrix_sp_HT2024_chromosome
485482	530127	470707	515237	44646	44531	98.51	4539749	4536414	0.98	0.98	Limnothrix_sp_BL_A_16_CP166615	Limnothrix_sp_HT2024_chromosome
530604	544685	515738	529751	14082	14014	98.16	4539749	4536414	0.31	0.31	Limnothrix_sp_BL_A_16_CP166615	Limnothrix_sp_HT2024_chromosome
544980	550135	530115	535252	5156	5138	95.21	4539749	4536414	0.11	0.11	Limnothrix_sp_BL_A_16_CP166615	Limnothrix_sp_HT2024_chromosome
552749	557210	539022	543483	4462	4462	95.32	4539749	4536414	0.10	0.10	Limnothrix_sp_BL_A_16_CP166615	Limnothrix_sp_HT2024_chromosome
558123	561522	543672	547061	3400	3390	98.00	4539749	4536414	0.07	0.07	Limnothrix_sp_BL_A_16_CP166615	Limnothrix_sp_HT2024_chromosome
561653	571308	547183	556838	9656	9656	96.74	4539749	4536414	0.21	0.21	Limnothrix_sp_BL_A_16_CP166615	Limnothrix_sp_HT2024_chromosome
571412	591599	559612	579786	20188	20175	98.32	4539749	4536414	0.44	0.44	Limnothrix_sp_BL_A_16_CP166615	Limnothrix_sp_HT2024_chromosome
592628	593832	579960	581164	1205	1205	98.42	4539749	4536414	0.03	0.03	Limnothrix_sp_BL_A_16_CP166615	Limnothrix_sp_HT2024_chromosome
595040	598009	582128	585097	2970	2970	96.57	4539749	4536414	0.07	0.07	Limnothrix_sp_BL_A_16_CP166615	Limnothrix_sp_HT2024_chromosome
599326	605740	586365	592776	6415	6412	97.26	4539749	4536414	0.14	0.14	Limnothrix_sp_BL_A_16_CP166615	Limnothrix_sp_HT2024_chromosome
605739	614529	592890	601676	8791	8787	98.12	4539749	4536414	0.19	0.19	Limnothrix_sp_BL_A_16_CP166615	Limnothrix_sp_HT2024_chromosome
614372	638485	601394	625480	24114	24087	98.87	4539749	4536414	0.53	0.53	Limnothrix_sp_BL_A_16_CP166615	Limnothrix_sp_HT2024_chromosome
638399	642162	625481	629248	3764	3768	99.15	4539749	4536414	0.08	0.08	Limnothrix_sp_BL_A_16_CP166615	Limnothrix_sp_HT2024_chromosome
642089	666620	629249	653881	24532	24633	97.81	4539749	4536414	0.54	0.54	Limnothrix_sp_BL_A_16_CP166615	Limnothrix_sp_HT2024_chromosome
666890	684231	653877	671242	17342	17366	98.63	4539749	4536414	0.38	0.38	Limnothrix_sp_BL_A_16_CP166615	Limnothrix_sp_HT2024_chromosome
684333	736045	672538	724266	51713	51729	98.58	4539749	4536414	1.14	1.14	Limnothrix_sp_BL_A_16_CP166615	Limnothrix_sp_HT2024_chromosome
737074	805175	724265	792353	68102	68089	98.98	4539749	4536414	1.50	1.50	Limnothrix_sp_BL_A_16_CP166615	Limnothrix_sp_HT2024_chromosome
805344	810733	792517	797906	5390	5390	97.64	4539749	4536414	0.12	0.12	Limnothrix_sp_BL_A_16_CP166615	Limnothrix_sp_HT2024_chromosome
812846	827032	801003	815188	14187	14186	98.94	4539749	4536414	0.31	0.31	Limnothrix_sp_BL_A_16_CP166615	Limnothrix_sp_HT2024_chromosome
827039	829796	817067	819818	2758	2752	92.80	4539749	4536414	0.06	0.06	Limnothrix_sp_BL_A_16_CP166615	Limnothrix_sp_HT2024_chromosome
830878	858041	820526	847679	27164	27154	98.75	4539749	4536414	0.60	0.60	Limnothrix_sp_BL_A_16_CP166615	Limnothrix_sp_HT2024_chromosome
858041	862159	847813	851916	4119	4104	98.64	4539749	4536414	0.09	0.09	Limnothrix_sp_BL_A_16_CP166615	Limnothrix_sp_HT2024_chromosome
864826	879414	854252	868833	14589	14582	99.09	4539749	4536414	0.32	0.32	Limnothrix_sp_BL_A_16_CP166615	Limnothrix_sp_HT2024_chromosome
879412	896581	869124	886317	17170	17194	98.81	4539749	4536414	0.38	0.38	Limnothrix_sp_BL_A_16_CP166615	Limnothrix_sp_HT2024_chromosome
896458	911176	886318	900994	14719	14677	98.80	4539749	4536414	0.32	0.32	Limnothrix_sp_BL_A_16_CP166615	Limnothrix_sp_HT2024_chromosome
911170	940211	901027	930108	29042	29082	98.22	4539749	4536414	0.64	0.64	Limnothrix_sp_BL_A_16_CP166615	Limnothrix_sp_HT2024_chromosome
941575	947147	930400	935940	5573	5541	95.38	4539749	4536414	0.12	0.12	Limnothrix_sp_BL_A_16_CP166615	Limnothrix_sp_HT2024_chromosome
947451	986355	936093	975030	38905	38938	98.22	4539749	4536414	0.86	0.86	Limnothrix_sp_BL_A_16_CP166615	Limnothrix_sp_HT2024_chromosome
986488	1029034	975030	1017563	42547	42534	98.28	4539749	4536414	0.94	0.94	Limnothrix_sp_BL_A_16_CP166615	Limnothrix_sp_HT2024_chromosome
1029032	1039394	1017834	1028226	10363	10393	98.82	4539749	4536414	0.23	0.23	Limnothrix_sp_BL_A_16_CP166615	Limnothrix_sp_HT2024_chromosome
1042893	1057070	1031189	1045338	14178	14150	97.70	4539749	4536414	0.31	0.31	Limnothrix_sp_BL_A_16_CP166615	Limnothrix_sp_HT2024_chromosome
1057022	1061350	1045350	1049684	4329	4335	99.10	4539749	4536414	0.10	0.10	Limnothrix_sp_BL_A_16_CP166615	Limnothrix_sp_HT2024_chromosome
1061489	1128172	1049787	1116479	66684	66693	98.01	4539749	4536414	1.47	1.47	Limnothrix_sp_BL_A_16_CP166615	Limnothrix_sp_HT2024_chromosome
1131615	1135164	1120300	1123849	3550	3550	97.52	4539749	4536414	0.08	0.08	Limnothrix_sp_BL_A_16_CP166615	Limnothrix_sp_HT2024_chromosome
1135435	1151012	1123988	1139566	15578	15579	98.21	4539749	4536414	0.34	0.34	Limnothrix_sp_BL_A_16_CP166615	Limnothrix_sp_HT2024_chromosome
1150924	1221221	1139614	1210003	70298	70390	98.77	4539749	4536414	1.55	1.55	Limnothrix_sp_BL_A_16_CP166615	Limnothrix_sp_HT2024_chromosome
1221208	1226994	1210167	1215954	5787	5788	98.86	4539749	4536414	0.13	0.13	Limnothrix_sp_BL_A_16_CP166615	Limnothrix_sp_HT2024_chromosome
1227203	1238179	1216061	1227028	10977	10968	98.21	4539749	4536414	0.24	0.24	Limnothrix_sp_BL_A_16_CP166615	Limnothrix_sp_HT2024_chromosome
1241989	1261695	1227052	1246755	19707	19704	98.27	4539749	4536414	0.43	0.43	Limnothrix_sp_BL_A_16_CP166615	Limnothrix_sp_HT2024_chromosome
1261840	1267057	1246755	1251987	5218	5233	98.83	4539749	4536414	0.11	0.12	Limnothrix_sp_BL_A_16_CP166615	Limnothrix_sp_HT2024_chromosome
1266847	1292710	1251993	1277842	25864	25850	98.81	4539749	4536414	0.57	0.57	Limnothrix_sp_BL_A_16_CP166615	Limnothrix_sp_HT2024_chromosome
1292707	1310588	1278015	1295972	17882	17958	98.38	4539749	4536414	0.39	0.40	Limnothrix_sp_BL_A_16_CP166615	Limnothrix_sp_HT2024_chromosome
1311909	1331589	1295987	1315679	19681	19693	98.51	4539749	4536414	0.43	0.43	Limnothrix_sp_BL_A_16_CP166615	Limnothrix_sp_HT2024_chromosome
1331695	1349864	1315785	1334004	18170	18220	98.37	4539749	4536414	0.40	0.40	Limnothrix_sp_BL_A_16_CP166615	Limnothrix_sp_HT2024_chromosome
1350008	1354931	1334004	1338926	4924	4923	99.17	4539749	4536414	0.11	0.11	Limnothrix_sp_BL_A_16_CP166615	Limnothrix_sp_HT2024_chromosome
1362794	1367229	1339110	1343545	4436	4436	97.50	4539749	4536414	0.10	0.10	Limnothrix_sp_BL_A_16_CP166615	Limnothrix_sp_HT2024_chromosome
1372383	1374487	1346063	1348167	2105	2105	94.54	4539749	4536414	0.05	0.05	Limnothrix_sp_BL_A_16_CP166615	Limnothrix_sp_HT2024_chromosome
1377275	1381183	1351213	1355152	3909	3940	97.97	4539749	4536414	0.09	0.09	Limnothrix_sp_BL_A_16_CP166615	Limnothrix_sp_HT2024_chromosome
1381297	1384038	1355151	1357890	2742	2740	97.96	4539749	4536414	0.06	0.06	Limnothrix_sp_BL_A_16_CP166615	Limnothrix_sp_HT2024_chromosome
1383905	1386947	1357850	1360892	3043	3043	98.52	4539749	4536414	0.07	0.07	Limnothrix_sp_BL_A_16_CP166615	Limnothrix_sp_HT2024_chromosome
1386860	1397121	1360930	1371149	10262	10220	98.32	4539749	4536414	0.23	0.23	Limnothrix_sp_BL_A_16_CP166615	Limnothrix_sp_HT2024_chromosome
1393333	1413836	1367349	1387867	20504	20519	98.63	4539749	4536414	0.45	0.45	Limnothrix_sp_BL_A_16_CP166615	Limnothrix_sp_HT2024_chromosome
1417770	1418975	1388755	1389960	1206	1206	97.35	4539749	4536414	0.03	0.03	Limnothrix_sp_BL_A_16_CP166615	Limnothrix_sp_HT2024_chromosome
1419436	1424708	1390397	1395668	5273	5272	97.57	4539749	4536414	0.12	0.12	Limnothrix_sp_BL_A_16_CP166615	Limnothrix_sp_HT2024_chromosome
1424771	1441225	1395848	1412333	16455	16486	98.88	4539749	4536414	0.36	0.36	Limnothrix_sp_BL_A_16_CP166615	Limnothrix_sp_HT2024_chromosome
1441229	1443618	1412471	1414860	2390	2390	98.54	4539749	4536414	0.05	0.05	Limnothrix_sp_BL_A_16_CP166615	Limnothrix_sp_HT2024_chromosome
1446301	1489676	1417208	1460637	43376	43430	98.49	4539749	4536414	0.96	0.96	Limnothrix_sp_BL_A_16_CP166615	Limnothrix_sp_HT2024_chromosome
1489730	1503316	1469375	1482980	13587	13606	98.16	4539749	4536414	0.30	0.30	Limnothrix_sp_BL_A_16_CP166615	Limnothrix_sp_HT2024_chromosome
1503736	1535157	1484964	1516368	31422	31405	99.04	4539749	4536414	0.69	0.69	Limnothrix_sp_BL_A_16_CP166615	Limnothrix_sp_HT2024_chromosome
1538666	1543971	1519708	1525013	5306	5306	97.46	4539749	4536414	0.12	0.12	Limnothrix_sp_BL_A_16_CP166615	Limnothrix_sp_HT2024_chromosome
1545294	1624926	1525012	1604562	79633	79551	98.48	4539749	4536414	1.75	1.75	Limnothrix_sp_BL_A_16_CP166615	Limnothrix_sp_HT2024_chromosome
1624768	1626373	1604562	1606167	1606	1606	97.95	4539749	4536414	0.04	0.04	Limnothrix_sp_BL_A_16_CP166615	Limnothrix_sp_HT2024_chromosome
1626993	1698722	1606373	1678257	71730	71885	98.26	4539749	4536414	1.58	1.58	Limnothrix_sp_BL_A_16_CP166615	Limnothrix_sp_HT2024_chromosome
1698722	1702572	1678401	1682251	3851	3851	99.07	4539749	4536414	0.08	0.08	Limnothrix_sp_BL_A_16_CP166615	Limnothrix_sp_HT2024_chromosome
1703476	1740403	1682249	1719254	36928	37006	98.50	4539749	4536414	0.81	0.82	Limnothrix_sp_BL_A_16_CP166615	Limnothrix_sp_HT2024_chromosome
1740406	1748348	1719464	1727406	7943	7943	99.06	4539749	4536414	0.17	0.18	Limnothrix_sp_BL_A_16_CP166615	Limnothrix_sp_HT2024_chromosome
1753926	1756172	1728462	1730693	2247	2232	98.04	4539749	4536414	0.05	0.05	Limnothrix_sp_BL_A_16_CP166615	Limnothrix_sp_HT2024_chromosome
1756173	1763188	1733349	1740377	7016	7029	97.62	4539749	4536414	0.15	0.15	Limnothrix_sp_BL_A_16_CP166615	Limnothrix_sp_HT2024_chromosome
1763322	1764424	1740377	1741500	1103	1124	87.93	4539749	4536414	0.02	0.02	Limnothrix_sp_BL_A_16_CP166615	Limnothrix_sp_HT2024_chromosome
1764417	1774937	1741953	1752515	10521	10563	98.24	4539749	4536414	0.23	0.23	Limnothrix_sp_BL_A_16_CP166615	Limnothrix_sp_HT2024_chromosome
1775050	1819696	1752513	1797183	44647	44671	98.60	4539749	4536414	0.98	0.98	Limnothrix_sp_BL_A_16_CP166615	Limnothrix_sp_HT2024_chromosome
1819847	1857892	1797334	1835356	38046	38023	98.93	4539749	4536414	0.84	0.84	Limnothrix_sp_BL_A_16_CP166615	Limnothrix_sp_HT2024_chromosome
1858036	1885224	1835356	1862540	27189	27185	98.91	4539749	4536414	0.60	0.60	Limnothrix_sp_BL_A_16_CP166615	Limnothrix_sp_HT2024_chromosome
1885269	1904781	1862443	1881970	19513	19528	99.10	4539749	4536414	0.43	0.43	Limnothrix_sp_BL_A_16_CP166615	Limnothrix_sp_HT2024_chromosome
1904796	1922873	1882313	1900322	18078	18010	98.23	4539749	4536414	0.40	0.40	Limnothrix_sp_BL_A_16_CP166615	Limnothrix_sp_HT2024_chromosome
1922872	1928937	1900428	1906488	6066	6061	98.06	4539749	4536414	0.13	0.13	Limnothrix_sp_BL_A_16_CP166615	Limnothrix_sp_HT2024_chromosome
1929453	1939788	1906955	1917334	10336	10380	97.48	4539749	4536414	0.23	0.23	Limnothrix_sp_BL_A_16_CP166615	Limnothrix_sp_HT2024_chromosome
1944081	1958838	1920838	1935658	14758	14821	97.53	4539749	4536414	0.33	0.33	Limnothrix_sp_BL_A_16_CP166615	Limnothrix_sp_HT2024_chromosome
1966571	1980574	1942115	1956150	14004	14036	98.51	4539749	4536414	0.31	0.31	Limnothrix_sp_BL_A_16_CP166615	Limnothrix_sp_HT2024_chromosome
1982938	1983971	3612749	3613782	1034	1034	99.42	4539749	4536414	0.02	0.02	Limnothrix_sp_BL_A_16_CP166615	Limnothrix_sp_HT2024_chromosome
1982939	1983975	2751940	2752976	1037	1037	99.04	4539749	4536414	0.02	0.02	Limnothrix_sp_BL_A_16_CP166615	Limnothrix_sp_HT2024_chromosome
1984110	2006890	1956249	1978988	22781	22740	98.41	4539749	4536414	0.50	0.50	Limnothrix_sp_BL_A_16_CP166615	Limnothrix_sp_HT2024_chromosome
2006973	2008052	1979373	1980452	1080	1080	97.69	4539749	4536414	0.02	0.02	Limnothrix_sp_BL_A_16_CP166615	Limnothrix_sp_HT2024_chromosome
2011240	2031796	1983993	2004512	20557	20520	98.39	4539749	4536414	0.45	0.45	Limnothrix_sp_BL_A_16_CP166615	Limnothrix_sp_HT2024_chromosome
2031970	2058984	2004510	2031572	27015	27063	98.89	4539749	4536414	0.60	0.60	Limnothrix_sp_BL_A_16_CP166615	Limnothrix_sp_HT2024_chromosome
2059158	2060348	2031570	2032760	1191	1191	98.66	4539749	4536414	0.03	0.03	Limnothrix_sp_BL_A_16_CP166615	Limnothrix_sp_HT2024_chromosome
2063076	2102794	2032939	2072631	39719	39693	97.81	4539749	4536414	0.87	0.87	Limnothrix_sp_BL_A_16_CP166615	Limnothrix_sp_HT2024_chromosome
2103833	2120343	2072635	2089178	16511	16544	98.45	4539749	4536414	0.36	0.36	Limnothrix_sp_BL_A_16_CP166615	Limnothrix_sp_HT2024_chromosome
2124105	2130538	2091750	2098187	6434	6438	88.71	4539749	4536414	0.14	0.14	Limnothrix_sp_BL_A_16_CP166615	Limnothrix_sp_HT2024_chromosome
2131448	2143658	2097208	2109431	12211	12224	96.61	4539749	4536414	0.27	0.27	Limnothrix_sp_BL_A_16_CP166615	Limnothrix_sp_HT2024_chromosome
2143823	2150749	2109430	2116356	6927	6927	98.47	4539749	4536414	0.15	0.15	Limnothrix_sp_BL_A_16_CP166615	Limnothrix_sp_HT2024_chromosome
2150904	2161422	2118347	2128856	10519	10510	97.81	4539749	4536414	0.23	0.23	Limnothrix_sp_BL_A_16_CP166615	Limnothrix_sp_HT2024_chromosome
2162942	2190046	2133623	2160725	27105	27103	98.74	4539749	4536414	0.60	0.60	Limnothrix_sp_BL_A_16_CP166615	Limnothrix_sp_HT2024_chromosome
2190176	2197963	2160867	2168654	7788	7788	99.23	4539749	4536414	0.17	0.17	Limnothrix_sp_BL_A_16_CP166615	Limnothrix_sp_HT2024_chromosome
2199327	2206736	2171205	2178625	7410	7421	96.93	4539749	4536414	0.16	0.16	Limnothrix_sp_BL_A_16_CP166615	Limnothrix_sp_HT2024_chromosome
2209657	2214674	2183256	2188275	5018	5020	97.51	4539749	4536414	0.11	0.11	Limnothrix_sp_BL_A_16_CP166615	Limnothrix_sp_HT2024_chromosome
2214833	2226322	2189814	2201259	11490	11446	97.99	4539749	4536414	0.25	0.25	Limnothrix_sp_BL_A_16_CP166615	Limnothrix_sp_HT2024_chromosome
2227469	2265388	2201417	2239332	37920	37916	98.89	4539749	4536414	0.84	0.84	Limnothrix_sp_BL_A_16_CP166615	Limnothrix_sp_HT2024_chromosome
2268984	2302587	2239479	2273114	33604	33636	98.76	4539749	4536414	0.74	0.74	Limnothrix_sp_BL_A_16_CP166615	Limnothrix_sp_HT2024_chromosome
2302746	2328390	2273141	2298724	25645	25584	98.74	4539749	4536414	0.56	0.56	Limnothrix_sp_BL_A_16_CP166615	Limnothrix_sp_HT2024_chromosome
2329317	2342180	2299648	2312511	12864	12864	99.30	4539749	4536414	0.28	0.28	Limnothrix_sp_BL_A_16_CP166615	Limnothrix_sp_HT2024_chromosome
2342977	2358883	2316360	2332252	15907	15893	98.87	4539749	4536414	0.35	0.35	Limnothrix_sp_BL_A_16_CP166615	Limnothrix_sp_HT2024_chromosome
2359057	2421218	2334409	2396717	62162	62309	98.53	4539749	4536414	1.37	1.37	Limnothrix_sp_BL_A_16_CP166615	Limnothrix_sp_HT2024_chromosome
2421277	2424601	2397010	2400334	3325	3325	98.74	4539749	4536414	0.07	0.07	Limnothrix_sp_BL_A_16_CP166615	Limnothrix_sp_HT2024_chromosome
2424735	2435260	2402621	2413146	10526	10526	98.26	4539749	4536414	0.23	0.23	Limnothrix_sp_BL_A_16_CP166615	Limnothrix_sp_HT2024_chromosome
2437721	2454210	2415954	2432491	16490	16538	98.12	4539749	4536414	0.36	0.36	Limnothrix_sp_BL_A_16_CP166615	Limnothrix_sp_HT2024_chromosome
2454226	2459284	2432661	2437719	5059	5059	98.77	4539749	4536414	0.11	0.11	Limnothrix_sp_BL_A_16_CP166615	Limnothrix_sp_HT2024_chromosome
2459282	2488462	2437893	2467085	29181	29193	97.85	4539749	4536414	0.64	0.64	Limnothrix_sp_BL_A_16_CP166615	Limnothrix_sp_HT2024_chromosome
2489858	2541164	2474678	2526093	51307	51416	98.38	4539749	4536414	1.13	1.13	Limnothrix_sp_BL_A_16_CP166615	Limnothrix_sp_HT2024_chromosome
2541163	2596036	2526236	2581082	54874	54847	99.04	4539749	4536414	1.21	1.21	Limnothrix_sp_BL_A_16_CP166615	Limnothrix_sp_HT2024_chromosome
2602485	2614600	2583004	2595119	12116	12116	98.86	4539749	4536414	0.27	0.27	Limnothrix_sp_BL_A_16_CP166615	Limnothrix_sp_HT2024_chromosome
2614779	2618854	2595274	2599372	4076	4099	98.73	4539749	4536414	0.09	0.09	Limnothrix_sp_BL_A_16_CP166615	Limnothrix_sp_HT2024_chromosome
2618865	2640009	2599492	2620672	21145	21181	98.54	4539749	4536414	0.47	0.47	Limnothrix_sp_BL_A_16_CP166615	Limnothrix_sp_HT2024_chromosome
2641316	2653263	2621163	2633135	11948	11973	96.70	4539749	4536414	0.26	0.26	Limnothrix_sp_BL_A_16_CP166615	Limnothrix_sp_HT2024_chromosome
2656729	2674567	2632821	2650645	17839	17825	98.54	4539749	4536414	0.39	0.39	Limnothrix_sp_BL_A_16_CP166615	Limnothrix_sp_HT2024_chromosome
2674925	2688910	2652259	2666242	13986	13984	97.40	4539749	4536414	0.31	0.31	Limnothrix_sp_BL_A_16_CP166615	Limnothrix_sp_HT2024_chromosome
2689680	2722111	2666472	2698908	32432	32437	98.59	4539749	4536414	0.71	0.72	Limnothrix_sp_BL_A_16_CP166615	Limnothrix_sp_HT2024_chromosome
2722106	2733309	2699037	2710255	11204	11219	97.09	4539749	4536414	0.25	0.25	Limnothrix_sp_BL_A_16_CP166615	Limnothrix_sp_HT2024_chromosome
2737003	2753781	2712886	2729723	16779	16838	97.93	4539749	4536414	0.37	0.37	Limnothrix_sp_BL_A_16_CP166615	Limnothrix_sp_HT2024_chromosome
2754583	2765033	2730495	2740923	10451	10429	97.64	4539749	4536414	0.23	0.23	Limnothrix_sp_BL_A_16_CP166615	Limnothrix_sp_HT2024_chromosome
2765727	2772515	2741065	2747853	6789	6789	99.26	4539749	4536414	0.15	0.15	Limnothrix_sp_BL_A_16_CP166615	Limnothrix_sp_HT2024_chromosome
2774145	2781327	2752982	2760153	7183	7172	98.41	4539749	4536414	0.16	0.16	Limnothrix_sp_BL_A_16_CP166615	Limnothrix_sp_HT2024_chromosome
2781477	2816760	2760153	2795454	35284	35302	98.78	4539749	4536414	0.78	0.78	Limnothrix_sp_BL_A_16_CP166615	Limnothrix_sp_HT2024_chromosome
2816903	2820497	2795453	2799048	3595	3596	98.08	4539749	4536414	0.08	0.08	Limnothrix_sp_BL_A_16_CP166615	Limnothrix_sp_HT2024_chromosome
2822076	2824704	2800618	2803246	2629	2629	97.26	4539749	4536414	0.06	0.06	Limnothrix_sp_BL_A_16_CP166615	Limnothrix_sp_HT2024_chromosome
2830381	2851059	2810053	2830737	20679	20685	98.69	4539749	4536414	0.46	0.46	Limnothrix_sp_BL_A_16_CP166615	Limnothrix_sp_HT2024_chromosome
2851317	2878908	2830897	2858591	27592	27695	97.57	4539749	4536414	0.61	0.61	Limnothrix_sp_BL_A_16_CP166615	Limnothrix_sp_HT2024_chromosome
2879630	2891092	2859731	2871203	11463	11473	98.22	4539749	4536414	0.25	0.25	Limnothrix_sp_BL_A_16_CP166615	Limnothrix_sp_HT2024_chromosome
2896384	2907550	2882650	2893829	11167	11180	98.84	4539749	4536414	0.25	0.25	Limnothrix_sp_BL_A_16_CP166615	Limnothrix_sp_HT2024_chromosome
2907549	2911528	2893943	2897936	3980	3994	97.97	4539749	4536414	0.09	0.09	Limnothrix_sp_BL_A_16_CP166615	Limnothrix_sp_HT2024_chromosome
2912118	2913765	2897936	2899587	1648	1652	98.91	4539749	4536414	0.04	0.04	Limnothrix_sp_BL_A_16_CP166615	Limnothrix_sp_HT2024_chromosome
2913761	2957736	2899717	2943839	43976	44123	98.19	4539749	4536414	0.97	0.97	Limnothrix_sp_BL_A_16_CP166615	Limnothrix_sp_HT2024_chromosome
2959763	2961042	2946282	2947555	1280	1274	93.52	4539749	4536414	0.03	0.03	Limnothrix_sp_BL_A_16_CP166615	Limnothrix_sp_HT2024_chromosome
2961410	2982173	2947694	2968476	20764	20783	98.67	4539749	4536414	0.46	0.46	Limnothrix_sp_BL_A_16_CP166615	Limnothrix_sp_HT2024_chromosome
2982203	2990083	2969308	2977194	7881	7887	95.85	4539749	4536414	0.17	0.17	Limnothrix_sp_BL_A_16_CP166615	Limnothrix_sp_HT2024_chromosome
2990814	3001141	2978976	2989311	10328	10336	98.95	4539749	4536414	0.23	0.23	Limnothrix_sp_BL_A_16_CP166615	Limnothrix_sp_HT2024_chromosome
3001160	3011830	2989294	2999963	10671	10670	98.98	4539749	4536414	0.24	0.24	Limnothrix_sp_BL_A_16_CP166615	Limnothrix_sp_HT2024_chromosome
3011829	3078562	2999817	3066546	66734	66730	98.78	4539749	4536414	1.47	1.47	Limnothrix_sp_BL_A_16_CP166615	Limnothrix_sp_HT2024_chromosome
3078524	3085040	3066563	3073084	6517	6522	98.04	4539749	4536414	0.14	0.14	Limnothrix_sp_BL_A_16_CP166615	Limnothrix_sp_HT2024_chromosome
3085082	3086952	3073347	3075216	1871	1870	98.72	4539749	4536414	0.04	0.04	Limnothrix_sp_BL_A_16_CP166615	Limnothrix_sp_HT2024_chromosome
3088607	3095385	3075359	3082136	6779	6778	99.03	4539749	4536414	0.15	0.15	Limnothrix_sp_BL_A_16_CP166615	Limnothrix_sp_HT2024_chromosome
3097646	3101647	3085373	3089374	4002	4002	98.68	4539749	4536414	0.09	0.09	Limnothrix_sp_BL_A_16_CP166615	Limnothrix_sp_HT2024_chromosome
3101917	3114808	3091631	3104503	12892	12873	98.66	4539749	4536414	0.28	0.28	Limnothrix_sp_BL_A_16_CP166615	Limnothrix_sp_HT2024_chromosome
3114741	3129094	3104637	3118989	14354	14353	98.85	4539749	4536414	0.32	0.32	Limnothrix_sp_BL_A_16_CP166615	Limnothrix_sp_HT2024_chromosome
3129785	3131342	3118989	3120546	1558	1558	99.29	4539749	4536414	0.03	0.03	Limnothrix_sp_BL_A_16_CP166615	Limnothrix_sp_HT2024_chromosome
3131575	3155068	3120633	3144159	23494	23527	98.95	4539749	4536414	0.52	0.52	Limnothrix_sp_BL_A_16_CP166615	Limnothrix_sp_HT2024_chromosome
3157774	3177244	3144211	3163750	19471	19540	97.96	4539749	4536414	0.43	0.43	Limnothrix_sp_BL_A_16_CP166615	Limnothrix_sp_HT2024_chromosome
3177618	3189629	3164907	3176891	12012	11985	98.59	4539749	4536414	0.26	0.26	Limnothrix_sp_BL_A_16_CP166615	Limnothrix_sp_HT2024_chromosome
3191572	3205657	3180110	3194193	14086	14084	98.67	4539749	4536414	0.31	0.31	Limnothrix_sp_BL_A_16_CP166615	Limnothrix_sp_HT2024_chromosome
3205808	3213911	3196633	3204777	8104	8145	98.21	4539749	4536414	0.18	0.18	Limnothrix_sp_BL_A_16_CP166615	Limnothrix_sp_HT2024_chromosome
3213671	3230374	3204651	3221336	16704	16686	98.46	4539749	4536414	0.37	0.37	Limnothrix_sp_BL_A_16_CP166615	Limnothrix_sp_HT2024_chromosome
3230191	3236137	3221337	3227328	5947	5992	98.55	4539749	4536414	0.13	0.13	Limnothrix_sp_BL_A_16_CP166615	Limnothrix_sp_HT2024_chromosome
3236312	3242305	3227331	3233325	5994	5995	98.60	4539749	4536414	0.13	0.13	Limnothrix_sp_BL_A_16_CP166615	Limnothrix_sp_HT2024_chromosome
3242580	3248203	3233710	3239325	5624	5616	98.63	4539749	4536414	0.12	0.12	Limnothrix_sp_BL_A_16_CP166615	Limnothrix_sp_HT2024_chromosome
3261848	3270224	3242686	3251085	8377	8400	97.41	4539749	4536414	0.18	0.19	Limnothrix_sp_BL_A_16_CP166615	Limnothrix_sp_HT2024_chromosome
3272512	3277094	3253411	3257994	4583	4584	99.24	4539749	4536414	0.10	0.10	Limnothrix_sp_BL_A_16_CP166615	Limnothrix_sp_HT2024_chromosome
3277196	3280493	3257833	3261142	3298	3310	98.43	4539749	4536414	0.07	0.07	Limnothrix_sp_BL_A_16_CP166615	Limnothrix_sp_HT2024_chromosome
3280593	3289962	3261144	3270525	9370	9382	99.00	4539749	4536414	0.21	0.21	Limnothrix_sp_BL_A_16_CP166615	Limnothrix_sp_HT2024_chromosome
3290974	3303945	3270758	3283715	12972	12958	97.98	4539749	4536414	0.29	0.29	Limnothrix_sp_BL_A_16_CP166615	Limnothrix_sp_HT2024_chromosome
3303799	3334623	3283637	3314445	30825	30809	98.90	4539749	4536414	0.68	0.68	Limnothrix_sp_BL_A_16_CP166615	Limnothrix_sp_HT2024_chromosome
3337201	3342339	3318189	3323337	5139	5149	96.00	4539749	4536414	0.11	0.11	Limnothrix_sp_BL_A_16_CP166615	Limnothrix_sp_HT2024_chromosome
3349098	3362832	3328864	3342626	13735	13763	98.20	4539749	4536414	0.30	0.30	Limnothrix_sp_BL_A_16_CP166615	Limnothrix_sp_HT2024_chromosome
3362970	3364761	3342808	3344599	1792	1792	98.88	4539749	4536414	0.04	0.04	Limnothrix_sp_BL_A_16_CP166615	Limnothrix_sp_HT2024_chromosome
3366159	3406958	3344700	3385531	40800	40832	98.75	4539749	4536414	0.90	0.90	Limnothrix_sp_BL_A_16_CP166615	Limnothrix_sp_HT2024_chromosome
3406864	3445101	3385541	3423669	38238	38129	98.63	4539749	4536414	0.84	0.84	Limnothrix_sp_BL_A_16_CP166615	Limnothrix_sp_HT2024_chromosome
3444999	3447280	3423669	3425950	2282	2282	99.17	4539749	4536414	0.05	0.05	Limnothrix_sp_BL_A_16_CP166615	Limnothrix_sp_HT2024_chromosome
3447425	3511491	3428308	3492375	64067	64068	98.79	4539749	4536414	1.41	1.41	Limnothrix_sp_BL_A_16_CP166615	Limnothrix_sp_HT2024_chromosome
3514905	3522327	3494056	3501465	7423	7410	98.33	4539749	4536414	0.16	0.16	Limnothrix_sp_BL_A_16_CP166615	Limnothrix_sp_HT2024_chromosome
3523650	3527564	3501464	3505378	3915	3915	99.11	4539749	4536414	0.09	0.09	Limnothrix_sp_BL_A_16_CP166615	Limnothrix_sp_HT2024_chromosome
3527737	3530204	3505375	3507878	2468	2504	97.00	4539749	4536414	0.05	0.06	Limnothrix_sp_BL_A_16_CP166615	Limnothrix_sp_HT2024_chromosome
3530948	3540212	3509712	3518956	9265	9245	97.71	4539749	4536414	0.20	0.20	Limnothrix_sp_BL_A_16_CP166615	Limnothrix_sp_HT2024_chromosome
3540616	3542912	3521060	3523345	2297	2286	97.39	4539749	4536414	0.05	0.05	Limnothrix_sp_BL_A_16_CP166615	Limnothrix_sp_HT2024_chromosome
3545674	3554826	3524089	3533242	9153	9154	97.24	4539749	4536414	0.20	0.20	Limnothrix_sp_BL_A_16_CP166615	Limnothrix_sp_HT2024_chromosome
3554935	3566249	3535862	3547175	11315	11314	97.26	4539749	4536414	0.25	0.25	Limnothrix_sp_BL_A_16_CP166615	Limnothrix_sp_HT2024_chromosome
3566883	3577380	3549018	3559498	10498	10481	98.03	4539749	4536414	0.23	0.23	Limnothrix_sp_BL_A_16_CP166615	Limnothrix_sp_HT2024_chromosome
3579170	3583262	3561288	3565381	4093	4094	95.55	4539749	4536414	0.09	0.09	Limnothrix_sp_BL_A_16_CP166615	Limnothrix_sp_HT2024_chromosome
3584073	3595054	3565386	3576367	10982	10982	98.74	4539749	4536414	0.24	0.24	Limnothrix_sp_BL_A_16_CP166615	Limnothrix_sp_HT2024_chromosome
3595013	3601609	3604167	3610763	6597	6597	99.17	4539749	4536414	0.15	0.15	Limnothrix_sp_BL_A_16_CP166615	Limnothrix_sp_HT2024_chromosome
3604630	3629666	3615116	3640134	25037	25019	98.90	4539749	4536414	0.55	0.55	Limnothrix_sp_BL_A_16_CP166615	Limnothrix_sp_HT2024_chromosome
3629810	3649547	3640134	3659839	19738	19706	98.45	4539749	4536414	0.43	0.43	Limnothrix_sp_BL_A_16_CP166615	Limnothrix_sp_HT2024_chromosome
3654383	3716253	3660991	3722901	61871	61911	98.87	4539749	4536414	1.36	1.36	Limnothrix_sp_BL_A_16_CP166615	Limnothrix_sp_HT2024_chromosome
3716149	3725674	3723002	3732589	9526	9588	98.42	4539749	4536414	0.21	0.21	Limnothrix_sp_BL_A_16_CP166615	Limnothrix_sp_HT2024_chromosome
3725848	3757156	3732587	3763900	31309	31314	99.12	4539749	4536414	0.69	0.69	Limnothrix_sp_BL_A_16_CP166615	Limnothrix_sp_HT2024_chromosome
3758297	3767595	3763958	3773270	9299	9313	98.99	4539749	4536414	0.20	0.21	Limnothrix_sp_BL_A_16_CP166615	Limnothrix_sp_HT2024_chromosome
3767631	3779424	3773402	3785200	11794	11799	99.02	4539749	4536414	0.26	0.26	Limnothrix_sp_BL_A_16_CP166615	Limnothrix_sp_HT2024_chromosome
3781776	3786073	3786470	3790767	4298	4298	98.88	4539749	4536414	0.09	0.09	Limnothrix_sp_BL_A_16_CP166615	Limnothrix_sp_HT2024_chromosome
3786089	3789281	3792532	3795724	3193	3193	97.12	4539749	4536414	0.07	0.07	Limnothrix_sp_BL_A_16_CP166615	Limnothrix_sp_HT2024_chromosome
3803688	3806657	3809719	3812688	2970	2970	97.88	4539749	4536414	0.07	0.07	Limnothrix_sp_BL_A_16_CP166615	Limnothrix_sp_HT2024_chromosome
3808495	3829395	3812812	3833701	20901	20890	98.70	4539749	4536414	0.46	0.46	Limnothrix_sp_BL_A_16_CP166615	Limnothrix_sp_HT2024_chromosome
3830299	3869642	3833699	3873038	39344	39340	98.66	4539749	4536414	0.87	0.87	Limnothrix_sp_BL_A_16_CP166615	Limnothrix_sp_HT2024_chromosome
3870479	3914637	3873062	3917209	44159	44148	99.15	4539749	4536414	0.97	0.97	Limnothrix_sp_BL_A_16_CP166615	Limnothrix_sp_HT2024_chromosome
3922712	3964551	3919801	3961670	41840	41870	98.77	4539749	4536414	0.92	0.92	Limnothrix_sp_BL_A_16_CP166615	Limnothrix_sp_HT2024_chromosome
3966531	3969457	3962093	3965022	2927	2930	98.84	4539749	4536414	0.06	0.06	Limnothrix_sp_BL_A_16_CP166615	Limnothrix_sp_HT2024_chromosome
3969454	3984457	3966311	3981315	15004	15005	98.51	4539749	4536414	0.33	0.33	Limnothrix_sp_BL_A_16_CP166615	Limnothrix_sp_HT2024_chromosome
3984611	3995145	3981409	3991969	10535	10561	98.86	4539749	4536414	0.23	0.23	Limnothrix_sp_BL_A_16_CP166615	Limnothrix_sp_HT2024_chromosome
3995173	4037717	3992189	4034814	42545	42626	98.67	4539749	4536414	0.94	0.94	Limnothrix_sp_BL_A_16_CP166615	Limnothrix_sp_HT2024_chromosome
4038053	4047372	4036565	4045885	9320	9321	98.76	4539749	4536414	0.21	0.21	Limnothrix_sp_BL_A_16_CP166615	Limnothrix_sp_HT2024_chromosome
4048686	4064281	4047292	4062887	15596	15596	99.03	4539749	4536414	0.34	0.34	Limnothrix_sp_BL_A_16_CP166615	Limnothrix_sp_HT2024_chromosome
4064280	4067371	4063030	4066121	3092	3092	99.26	4539749	4536414	0.07	0.07	Limnothrix_sp_BL_A_16_CP166615	Limnothrix_sp_HT2024_chromosome
4067372	4085581	4066218	4084403	18210	18186	98.49	4539749	4536414	0.40	0.40	Limnothrix_sp_BL_A_16_CP166615	Limnothrix_sp_HT2024_chromosome
4088380	4114681	4088623	4114927	26302	26305	98.57	4539749	4536414	0.58	0.58	Limnothrix_sp_BL_A_16_CP166615	Limnothrix_sp_HT2024_chromosome
4114680	4166539	4115041	4166905	51860	51865	98.77	4539749	4536414	1.14	1.14	Limnothrix_sp_BL_A_16_CP166615	Limnothrix_sp_HT2024_chromosome
4166190	4175250	4166624	4175648	9061	9025	98.07	4539749	4536414	0.20	0.20	Limnothrix_sp_BL_A_16_CP166615	Limnothrix_sp_HT2024_chromosome
4175250	4187090	4175792	4187632	11841	11841	99.04	4539749	4536414	0.26	0.26	Limnothrix_sp_BL_A_16_CP166615	Limnothrix_sp_HT2024_chromosome
4187994	4191007	4187630	4190635	3014	3006	98.14	4539749	4536414	0.07	0.07	Limnothrix_sp_BL_A_16_CP166615	Limnothrix_sp_HT2024_chromosome
4196558	4198587	4196031	4198060	2030	2030	95.47	4539749	4536414	0.04	0.04	Limnothrix_sp_BL_A_16_CP166615	Limnothrix_sp_HT2024_chromosome
4201660	4230649	4198230	4227209	28990	28980	99.03	4539749	4536414	0.64	0.64	Limnothrix_sp_BL_A_16_CP166615	Limnothrix_sp_HT2024_chromosome
4230730	4241027	4233563	4243846	10298	10284	97.58	4539749	4536414	0.23	0.23	Limnothrix_sp_BL_A_16_CP166615	Limnothrix_sp_HT2024_chromosome
4244440	4248600	4244308	4248468	4161	4161	98.82	4539749	4536414	0.09	0.09	Limnothrix_sp_BL_A_16_CP166615	Limnothrix_sp_HT2024_chromosome
4248730	4255088	4248468	4254831	6359	6364	98.57	4539749	4536414	0.14	0.14	Limnothrix_sp_BL_A_16_CP166615	Limnothrix_sp_HT2024_chromosome
4255104	4261043	4254746	4260607	5940	5862	97.54	4539749	4536414	0.13	0.13	Limnothrix_sp_BL_A_16_CP166615	Limnothrix_sp_HT2024_chromosome
4261041	4273287	4260782	4273019	12247	12238	98.70	4539749	4536414	0.27	0.27	Limnothrix_sp_BL_A_16_CP166615	Limnothrix_sp_HT2024_chromosome
4273727	4276034	4273698	4276005	2308	2308	99.31	4539749	4536414	0.05	0.05	Limnothrix_sp_BL_A_16_CP166615	Limnothrix_sp_HT2024_chromosome
4276301	4306696	4276246	4306648	30396	30403	98.59	4539749	4536414	0.67	0.67	Limnothrix_sp_BL_A_16_CP166615	Limnothrix_sp_HT2024_chromosome
4306723	4329288	4306793	4329348	22566	22556	98.71	4539749	4536414	0.50	0.50	Limnothrix_sp_BL_A_16_CP166615	Limnothrix_sp_HT2024_chromosome
4329457	4344025	4329341	4343961	14569	14621	98.04	4539749	4536414	0.32	0.32	Limnothrix_sp_BL_A_16_CP166615	Limnothrix_sp_HT2024_chromosome
4345109	4349178	4345033	4349102	4070	4070	94.50	4539749	4536414	0.09	0.09	Limnothrix_sp_BL_A_16_CP166615	Limnothrix_sp_HT2024_chromosome
4350909	4352911	4350780	4352781	2003	2002	99.25	4539749	4536414	0.04	0.04	Limnothrix_sp_BL_A_16_CP166615	Limnothrix_sp_HT2024_chromosome
4353811	4355977	4352786	4354952	2167	2167	98.71	4539749	4536414	0.05	0.05	Limnothrix_sp_BL_A_16_CP166615	Limnothrix_sp_HT2024_chromosome
4358380	4368139	4356955	4366699	9760	9745	98.53	4539749	4536414	0.21	0.21	Limnothrix_sp_BL_A_16_CP166615	Limnothrix_sp_HT2024_chromosome
4369756	4383406	4366739	4380368	13651	13630	98.47	4539749	4536414	0.30	0.30	Limnothrix_sp_BL_A_16_CP166615	Limnothrix_sp_HT2024_chromosome
4386294	4393437	4386354	4393498	7144	7145	90.03	4539749	4536414	0.16	0.16	Limnothrix_sp_BL_A_16_CP166615	Limnothrix_sp_HT2024_chromosome
4392377	4395526	4391345	4394427	3150	3083	76.11	4539749	4536414	0.07	0.07	Limnothrix_sp_BL_A_16_CP166615	Limnothrix_sp_HT2024_chromosome
4401566	4412704	4401572	4412734	11139	11163	96.64	4539749	4536414	0.25	0.25	Limnothrix_sp_BL_A_16_CP166615	Limnothrix_sp_HT2024_chromosome
4412820	4417673	4412734	4417587	4854	4854	98.68	4539749	4536414	0.11	0.11	Limnothrix_sp_BL_A_16_CP166615	Limnothrix_sp_HT2024_chromosome
4417739	4431274	4420368	4433893	13536	13526	98.76	4539749	4536414	0.30	0.30	Limnothrix_sp_BL_A_16_CP166615	Limnothrix_sp_HT2024_chromosome
4438428	4529355	4436031	4526936	90928	90906	98.48	4539749	4536414	2.00	2.00	Limnothrix_sp_BL_A_16_CP166615	Limnothrix_sp_HT2024_chromosome
4530259	4539749	4526934	4536413	9491	9480	99.05	4539749	4536414	0.21	0.21	Limnothrix_sp_BL_A_16_CP166615	Limnothrix_sp_HT2024_chromosome
